Anio_lectivo;Zona;Provincia;Cod_Provincia;Canton;Cod_Canton;Parroquia;Cod_Parroquia;Nombre_Institucion;AMIE;Escolarizacion;Tipo_Educacion;Sostenimiento;area;Regimen_Escolar;Jurisdiccion;Modalidad;Jornada;Acceso_Edificio;Total_Estudiantes;Promovidos;No promovidos;Abandono
2009-2010 Fin;Zona 6;AZUAY;01;CUENCA;0101;BAÑOS;010151;CENTRO EDUCATIVO ROUSSEAU;01B00019;Escolarizada;Ordinario;Particular;Rural;Sierra;Intercultural Bilingüe;Presencial;Matutina;Terrestre;47;47;0;0
2009-2010 Fin;Zona 6;AZUAY;01;CUENCA;0101;BAÑOS;010151;COLEGIO INTERCULTURAL BILINGUE DE  NARANCAY;01B00020;Escolarizada;Ordinario;Fiscal;Rural;Sierra;Intercultural Bilingüe;Presencial y Semipresencial;Matutina;Terrestre;264;219;30;15
2009-2010 Fin;Zona 6;AZUAY;01;CUENCA;0101;CHAUCHA;010153;SEIS DE JUNIO;01B00021;Escolarizada;Ordinario;Fiscal;Rural;Costa;Intercultural Bilingüe;Presencial;Matutina;Terrestre;24;17;5;2
2009-2010 Fin;Zona 6;AZUAY;01;CUENCA;0101;GIL RAMIREZ DAVALOS;010106;UNIDAD EDUCATIVA INTERCULTURAL BILINGUE LA PAZ  EXTENSIÓN AZUAY;01B00022;Escolarizada;Ordinario;Fiscal;Urbana;Sierra;Intercultural Bilingüe;Semipresencial;Matutina;Terrestre;273;256;2;15
2009-2010 Fin;Zona 6;AZUAY;01;CUENCA;0101;QUINGEO;010161;ESCUELA MONSEÑOR LEONIDAS PROAÑO II;01B00027;Escolarizada;Ordinario;Fiscal;Rural;Sierra;Intercultural Bilingüe;Presencial;Matutina;Terrestre;130;109;9;12
2009-2010 Fin;Zona 6;AZUAY;01;CUENCA;0101;QUINGEO;010161;ESTRELLA DE SAN JOSE;01B00028;Escolarizada;Ordinario;Fiscal;Rural;Sierra;Intercultural Bilingüe;Presencial;Matutina;Terrestre;17;12;3;2
2009-2010 Fin;Zona 6;AZUAY;01;CUENCA;0101;QUINGEO;010161;SIN NOMBRE;01B00029;Escolarizada;Ordinario;Fiscal;Rural;Sierra;Intercultural Bilingüe;Presencial;Matutina;Terrestre;55;49;6;0
2009-2010 Fin;Zona 6;AZUAY;01;CUENCA;0101;RICAURTE;010162;BUENA ESPERANZA;01B00030;Escolarizada;Ordinario;Particular;Rural;Sierra;Intercultural;Presencial;Matutina;Terrestre;78;77;1;0
2009-2010 Fin;Zona 6;AZUAY;01;CUENCA;0101;SANT ANA;010164;MONTE SINAI;01B00031;Escolarizada;Ordinario;Fiscal;Rural;Sierra;Intercultural Bilingüe;Presencial;Matutina;Terrestre;89;76;4;9
2009-2010 Fin;Zona 6;AZUAY;01;CUENCA;0101;TARQUI;010168;XAVIER MUÑOZ CHAVEZ;01B00032;Escolarizada;Ordinario;Fiscal;Rural;Sierra;Intercultural Bilingüe;Presencial;Matutina;Terrestre;57;53;1;3
2009-2010 Fin;Zona 6;AZUAY;01;CUENCA;0101;TURI;010169;CESAR VICTORIANO MARTINEZ VERDUGO;01B00034;Escolarizada;Ordinario;Fiscal;Rural;Sierra;Intercultural Bilingüe;Presencial;Matutina;Terrestre;65;57;6;2
2009-2010 Fin;Zona 6;AZUAY;01;CUENCA;0101;TURI;010169;MARCO MARTINEZ;01B00035;Escolarizada;Ordinario;Fiscal;Rural;Sierra;Intercultural Bilingüe;Presencial;Matutina;Terrestre;32;32;0;0
2009-2010 Fin;Zona 6;AZUAY;01;CUENCA;0101;VALLE;010170;JUAN PEÑAFIEL;01B00036;Escolarizada;Ordinario;Fiscal;Rural;Sierra;Intercultural Bilingüe;Presencial;Matutina;Terrestre;52;44;4;4
2009-2010 Fin;Zona 6;AZUAY;01;GUALACEO;0103;GUALACEO;010350;MIGUEL IGNACIO CORDERO MONCAYO;01B00037;Escolarizada;Ordinario;Fiscal;Urbana;Sierra;Intercultural Bilingüe;Presencial;Matutina;Terrestre;118;115;3;0
2009-2010 Fin;Zona 6;AZUAY;01;GUALACEO;0103;JADAN;010353;SAN MARTIN;01B00038;Escolarizada;Ordinario;Fiscal;Rural;Sierra;Intercultural Bilingüe;Presencial;Matutina;Terrestre;57;53;2;2
2009-2010 Fin;Zona 6;AZUAY;01;GUALACEO;0103;JADAN;010353;VICENTE ZARUMA;01B00039;Escolarizada;Ordinario;Fiscal;Rural;Sierra;Intercultural Bilingüe;Presencial;Matutina;Terrestre;54;48;4;2
2009-2010 Fin;Zona 6;AZUAY;01;GUALACEO;0103;SAN JUAN;010357;19 DE MAYO;01B00040;Escolarizada;Ordinario;Fiscal;Rural;Sierra;Intercultural Bilingüe;Presencial;Matutina;Terrestre;33;30;3;0
2009-2010 Fin;Zona 6;AZUAY;01;GUALACEO;0103;SAN JUAN;010357;LA DOLOROSA;01B00041;Escolarizada;Ordinario;Fiscal;Rural;Sierra;Intercultural Bilingüe;Presencial;Matutina;Terrestre;74;67;4;3
2009-2010 Fin;Zona 6;AZUAY;01;GUALACEO;0103;SAN JUAN;010357;19 DE MARZO;01B00042;Escolarizada;Ordinario;Fiscal;Rural;Sierra;Intercultural Bilingüe;Presencial;Matutina;Terrestre;82;63;8;11
2009-2010 Fin;Zona 6;AZUAY;01;GUALACEO;0103;ZHIDMAD;010358;RUMIÑAHUI;01B00043;Escolarizada;Ordinario;Fiscal;Rural;Sierra;Intercultural Bilingüe;Presencial;Matutina;Terrestre;41;34;2;5
2009-2010 Fin;Zona 6;AZUAY;01;NABON;0104;NABON;010450;EFRAIN NAULA;01B00045;Escolarizada;Ordinario;Fiscal;Urbana;Sierra;Intercultural Bilingüe;Presencial;Matutina;Terrestre;87;81;4;2
2009-2010 Fin;Zona 6;AZUAY;01;NABON;0104;NABON;010450;ARTURO QUESADA MENDIETA;01B00046;Escolarizada;Ordinario;Fiscal;Urbana;Sierra;Intercultural Bilingüe;Presencial;Matutina;Terrestre;156;121;27;8
2009-2010 Fin;Zona 6;AZUAY;01;NABON;0104;NABON;010450;MONSEÑOR LEONIDAS PROAÑO    1;01B00047;Escolarizada;Ordinario;Fiscal;Urbana;Sierra;Intercultural Bilingüe;Presencial;Matutina;Terrestre;145;138;3;4
2009-2010 Fin;Zona 6;AZUAY;01;NABON;0104;NABON;010450;SAN JOSE;01B00048;Escolarizada;Ordinario;Fiscal;Urbana;Sierra;Intercultural Bilingüe;Presencial;Matutina;Terrestre;117;90;23;4
2009-2010 Fin;Zona 6;AZUAY;01;NABON;0104;NABON;010450;CECIB CESAR A MOROCHO;01B00049;Escolarizada;Ordinario;Fiscal;Urbana;Sierra;Intercultural Bilingüe;Presencial;Matutina;Terrestre;162;146;5;11
2009-2010 Fin;Zona 6;AZUAY;01;NABON;0104;NABON;010450;JOSE ALBERTO MOROCHO;01B00050;Escolarizada;Ordinario;Fiscal;Urbana;Sierra;Intercultural Bilingüe;Presencial;Matutina;Terrestre;48;40;2;6
2009-2010 Fin;Zona 6;AZUAY;01;NABON;0104;NABON;010450;SAN JOSE;01B00051;Escolarizada;Ordinario;Fiscal;Urbana;Sierra;Intercultural Bilingüe;Presencial;Vespertina;Terrestre;129;106;2;21
2009-2010 Fin;Zona 6;AZUAY;01;NABON;0104;NABON;010450;ESCUELA FISCAL MIXTA BALTAZAR AGUIRRE;01B00052;Escolarizada;Ordinario;Fiscal;Urbana;Sierra;Intercultural;Presencial;Matutina;Terrestre;175;169;0;6
2009-2010 Fin;Zona 6;AZUAY;01;NABON;0104;NABON;010450;FERNANDO DAQUILEMA;01B00053;Escolarizada;Ordinario;Fiscal;Urbana;Sierra;Intercultural Bilingüe;Presencial;Matutina;Terrestre;41;36;3;2
2009-2010 Fin;Zona 6;AZUAY;01;NABON;0104;NABON;010450;COLEGIO TECNICO HUMANISTICO INTERCULTURAL BILINGUE SHIÑA;01B00054;Escolarizada;Ordinario;Fiscal;Urbana;Sierra;Intercultural Bilingüe;Presencial;Matutina;Terrestre;106;92;8;6
